{
    "providers": [
        {
            "type": "bitmap",
            "file": "minecraft:font/player.png",
            "ascent": 10,
            "height": 10,
            "chars": [
                    "\u24DF"
                ]
        },
        {
            "type": "bitmap",
            "file": "minecraft:font/admin.png",
            "ascent": 10,
            "height": 10,
            "chars": [
                    "\u24D0"
                ]
        },
	{
            "type": "bitmap",
            "file": "minecraft:font/sponsor.png",
            "ascent": 10,
            "height": 10,
            "chars": [
                    "\u24E2"
                ]
        },
	{
            "type": "bitmap",
            "file": "minecraft:font/helper.png",
            "ascent": 10,
            "height": 10,
            "chars": [
                    "\u24D7"
                ]
        },
	{
            "type": "bitmap",
            "file": "minecraft:font/moder.png",
            "ascent": 10,
            "height": 10,
            "chars": [
                    "\u24DC"
                ]
        },
	{
            "type": "bitmap",
            "file": "minecraft:font/vip.png",
            "ascent": 10,
            "height": 10,
            "chars": [
                    "\u24E5"
                ]
        },
	{
            "type": "bitmap",
            "file": "minecraft:font/serverlogo.png",
            "ascent": 21,
            "height": 21,
            "chars": [
                    "\u24BB"
                ]
        }
    ]
}